degree,num_advice,num_lookup,num_fixed,lookup_bits,limb_bits,num_limbs,vk_size,proof_time,proof_size,verify_time
22,2,1,1,21,88,3,320,153.061327375s,1600,6.603666ms
21,3,1,1,20,88,3,416,94.796399334s,2080,5.624833ms
20,5,1,1,19,88,3,608,53.323912708s,2912,6.732584ms
19,9,1,1,18,90,3,992,37.970616708s,4576,7.964334ms
18,18,2,1,17,88,3,1888,35.916953458s,9312,11.306458ms
17,35,4,1,16,88,3,3584,33.983841334s,17696,18.26775ms
16,71,7,1,15,90,3,7232,33.963877791s,35232,22.515167ms
15,145,16,1,14,90,3,14304,37.495353375s,76384,45.386375ms