degree,num_advice,num_lookup,num_fixed,lookup_bits,limb_bits,num_limbs,vk_size,proof_time,proof_size,verify_time
22,1,0,1,21,88,3,224,122.49895925s,1152,4.838208ms
21,2,1,1,20,88,3,384,77.511668375s,1792,3.85775ms
20,3,1,1,19,88,3,448,49.646283s,2304,4.830375ms
19,5,1,1,18,88,3,672,33.352727583s,3296,6.951208ms
18,10,2,1,17,88,3,1312,30.552860417s,6240,9.222708ms
17,19,4,1,16,88,3,2368,27.81695025s,11456,11.798083ms
16,37,7,1,15,88,3,4192,27.696381917s,21408,20.134042ms
15,75,16,1,14,88,3,9184,26.231869208s,44384,34.848708ms
14,149,32,1,13,88,3,17856,27.051027291s,87616,74.593542ms
