degree,num_advice,num_lookup,num_fixed,lookup_bits,limb_bits,num_limbs,batch_size,window_bits,vk_size,proof_time,proof_size,verify_time
17,80,12,1,16,88,3,100,4,8160,78.002506416s,36128,27.775916ms
18,40,6,1,17,88,3,100,4,4128,88.213573291s,18272,11.895291ms
19,20,3,1,18,90,3,100,4,2112,88.511057583s,9280,7.560416ms
20,10,2,1,19,90,3,100,4,1120,102.096816375s,5088,8.496041ms
21,5,1,1,20,88,3,100,4,608,123.061527083s,2752,9.928833ms
