degree,num_advice,num_lookup,num_fixed,lookup_bits,limb_bits,num_limbs,vk_size,proof_time,proof_size,verify_time
18,11,2,1,17,88,3,1568,24.241208792s,5056,5.598833ms
17,22,3,1,16,88,3,2720,22.310703166s,9056,8.989ms
16,43,6,1,15,90,3,5056,23.17767s,17248,15.302084ms
15,88,14,1,14,90,3,10080,27.577249917s,35488,25.1185ms
14,176,26,1,13,91,3,19808,30.421879542s,69536,46.614542ms
