degree,num_advice,num_lookup,num_fixed,lookup_bits,limb_bits,num_limbs,vk_size,proof_time,proof_size,verify_time
20,3,1,1,19,88,3,416,38.272452791s,1984,3.864125ms
19,6,1,1,18,90,3,704,26.604327791s,3072,4.740625ms
18,11,2,1,17,88,3,1216,22.908417208s,5408,6.019125ms
17,22,3,1,16,88,3,2304,20.316587875s,10048,8.223875ms
16,42,6,1,15,90,3,4320,19.721393791s,19040,11.872625ms
15,87,14,1,14,90,3,8896,22.187573708s,39584,22.530666ms
