degree,num_advice,num_lookup,num_fixed,lookup_bits,limb_bits,num_limbs,vk_size,proof_time,proof_size,verify_time
19,1,0,1,18,88,3,192,14.758030042s,1056,5.216583ms
18,2,1,1,17,88,3,320,9.376470084s,1664,5.7935ms
17,4,1,1,16,88,3,480,6.517681875s,2528,6.061875ms
16,7,2,1,15,88,3,832,5.238919292s,4320,5.541791ms
15,14,3,1,14,88,3,1536,4.734963041s,8320,9.121542ms
14,27,6,1,13,88,3,2720,4.667989042s,15648,12.912166ms
13,55,12,1,12,88,3,5184,5.053711041s,32928,20.528084ms
