degree,num_advice,num_lookup,num_fixed,lookup_bits,limb_bits,num_limbs,vk_size,proof_time,proof_size,verify_time
19,1,0,1,18,88,3,224,15.633931792s,1152,4.346958ms
18,2,1,1,17,88,3,384,9.965694417s,1792,5.201083ms
17,3,1,1,16,88,3,480,6.424700792s,2336,7.169208ms
16,6,2,1,15,88,3,800,5.401196084s,4192,5.8535ms
15,12,3,1,14,88,3,1568,4.83496275s,7584,8.604625ms
14,25,6,1,13,88,3,3136,4.923502333s,15296,13.075959ms
