degree,num_advice,num_lookup,num_fixed,lookup_bits,limb_bits,num_limbs,vk_size,proof_time,proof_size
19,1,0,1,18,88,3,192,14.555213208s,960
18,2,1,1,17,88,3,256,9.079836583s,1344
17,4,1,1,16,88,3,384,6.114674792s,1920
16,9,2,1,15,90,3,736,5.44815s,3776
15,17,3,1,14,88,3,1280,4.830542166s,6560
14,36,6,1,13,91,3,2592,5.05528575s,13280
13,73,12,1,12,88,3,5152,5.389418959s,26368
12,147,24,2,11,88,3,10336,6.305700291s,52864
