degree,num_advice,num_lookup,num_fixed,lookup_bits,limb_bits,num_limbs,vk_size,proof_time,proof_size,verify_time
19,1,0,1,18,88,3,192,2.084106853s,1056,10.026678ms
18,2,1,1,17,88,3,256,1.662354182s,1472,8.012417ms
17,4,1,1,16,88,3,384,1.276734918s,2048,13.70446ms
16,9,2,1,15,90,3,736,1.300504482s,3904,13.257973ms
15,17,3,1,14,90,3,1280,1.255260462s,6688,13.090733ms
14,36,6,1,13,91,3,2592,1.625409597s,13408,17.413807ms
13,71,12,1,12,88,3,5024,2.720887711s,25920,29.214084ms
